A1,𓀀,Seated man,"Det. of man, names; Pronoun1st sing.i, wi, ink, kwi.“I,” “me,” “my.”"
A2,𓀁,Man with hand to mouth,"Det. of eat, drink, speak, think."
A3,𓀂,Man sitting on heel,Det. of sit.
A4,𓀃,Man with arms raised,"Det. adoration, hide"
A5,𓀄,Man hiding,Det. hide
A5a,𓀅,,
A6,𓀆,Man purifying,"Det. purity, cleanliness"
A6a,𓀇,,
A6b,𓀈,,
A7,𓀉,Fatigued man,"Det. weary, weak"
A8,𓀊,Man performinghnw,Det. inhnw“jubilation”
A9,𓀋,Man with basket on head,"Det. in3ṯp“load,”f3i“carry,”k3t“work.”"
A10,𓀌,Man holding an oar,Det. insḳdw“sail.”
A11,𓀍,Man with scepter and crook,Det.ḫnms“friend.”
A12,𓀎,Man with bow and quiver,"Det.mšʿ“army,” soldier."
A13,𓀏,Man with arms bound,Det.ḫfty“enemy.”
A14,𓀐,Man with bleeding head,"Det. ofmwt“die,” enemy."
A14a,𓀑,Man with axe to head,Var. of A14
A15,𓀒,Man falling,"Det.ḫr“fall,”sḫrt“overthrow.”"
A16,𓀓,Man bowing,Det.ksi“bow.”
A17,𓀔,Child with hand to mouth,Det.šri“young.” Ideo.ẖrd“child.”
A17a,𓀕,Child sitting,"Det. sit, young."
A18,𓀖,Child wearing red crown,Det. child-king
A19,𓀗,Aged man bending with stick,"Det.i3w“old,”smsw“eldest,”wr“great one, chief.”"
A20,𓀘,Man leaning on forked stick,Var. of A19.
A21,𓀙,Man with stick,"Det. and Ideo.sr“official, noble.”"
A22,𓀚,Statue of man with stick and scepter,Det. statue.
A23,𓀛,King with stick and mace,"Det.ity, “sovereign.”"
A24,𓀜,Man striking with stick in both hands,"Det.ḥwi, “strike,” nḥm“take away.” Ideo.nḫtstrong."
A25,𓀝,Man striking with stick in one hand,Det.hwi“strike.”
A26,𓀞,Man beckoning,"Det.nis“call.” Ideo. vocativei,“Oh!”"
A27,𓀟,Man running,"Phon.in“by,” agent particle."
A28,𓀠,Man with arms raised,"Det.ḳ3“high,”ḥʿi “rejoice.”"
A29,𓀡,Man upside down,Det. upside down.
A30,𓀢,Man with arms outstretched,"Det.i3w“praise,”dw3“adoration.”"
A31,𓀣,Man with arms turned behind him,Det. turn away.
A32,𓀤,Man dancing,Det. dance.
,𓀥,,
A33,𓀦,Man with stick and bundle,"Det. wander, herdsman."
A34,𓀧,Man pounding in a mortar,"Det.ḫwsi “pound, build.”"
A35,𓀨,Man building a wall,Det. and Ideo.ḳd“build.”
A36,𓀩,Man straining into a vessel,Det. and Ideo.ʿfty “brewer.”
A37,𓀪,Commoner form A36,Use as A36.
A38,𓀫,Man holding two animal emblems,Ideo.ḳis/ḳsi“”Cusae” (town).
A39,𓀬,Man holding two giraffes,Use as A38.
A40,𓀭,Seated god,"Det. god. Replaces A1 as 1st sing pronoun when god speaks.i, wi, ink, kwi."
A40a,𓀮,,
A41,𓀯,Seated king,"Det. nsw“king,”ḥm“majesty,”nb“lord.”"
A42,𓀰,Seated king holding flail,Use as A41.
A42a,𓀱,,
A43,𓀲,King wearing white crown of Upper Egypt,Det. king of Upper Egypt.
A43a,𓀳,,
A44,𓀴,King holding flail and wearing white crown of Upper Egypt,Use as A43.
A45,𓀵,King wearing red crown of Lower Egypt.,Det. and Ideo.bity“king of Lower Egypt.”
A45a,𓀶,,
A46,𓀷,King holding flail and wearing red crown of Lower Egypt.,Same as A45
A47,𓀸,Seated sheperd,"Det. and Ideo.s3w“guard,”mniw“herdsman.”"
A48,𓀹,Man holding knife,Det.iry“relating to.”
A49,𓀺,Foreigner with stick,"Det. foreigner,ʿ3mw“Asiatics.”"
A50,𓀻,Noble seated on chair,"Det. revered person, deceased. Var. A1 for 1st sing. pronoun."
A51,𓀼,Noble seated on chair with flagellum,Det. and Ideo.špsi“noble”
A52,𓀽,Kneeling noble with flail,"Det. revered person, deceased."
A53,𓀾,Upright mummy,"Det. mummy, statue, likeness, form."
A54,𓀿,Recumbent mummy,Det. dead.
A55,𓁀,Mummy on bed,"Det.sḏr“lie down,” dead."
A59,𓁄,Man threatening stick with one hand,Det. drive off.
B1,𓁐,Seated Woman,"Det. woman, name. Sometimes for A1 1st sing. pronoun –i"
B2,𓁑,Pregnant woman,Det. pregnant
B3,𓁒,Woman giving birth,"Det. and Ideo.msi“give birth, bear.”"
B4,𓁓,Var. B3,Use as B3.
B5,𓁔,Woman nursing child,Det.mnʿt“nurse.”
B6,𓁖,Woman and seated child,Det.rnn“nurse.”
B7,𓁗,Seated queen holding flower,Det. queens’ names.
C1,𓁚,God with sun-disk and uraeus,"Det. and Ideo. Rʿ “Re, sun-god”"
C2,𓁜,God with falcon head and sun-disk holding ʿnḫ,"Var. C1. Det. and Ideo. Rʿ “Re, sun-god”"
C3,𓁟,God with ibis head,Det. or Ideo. ḏḥwty “Thoth”
C4,𓁠,God with ram head,Det. or Ideo. ẖnmw “Khnum”
C5,𓁡,God with ram head holding ʿnḫ,Use as C4.
C6,𓁢,God with jackal head,"Det. and Ideo. inpw “Anubis,” wp-w3wt “Wepwawet.”"
C7,𓁣,God with Seth head,Det. and Ideo. Stḫ “Seth.”
C8,𓁤,Min,Det. and Ideo. Mnw “Min.”
C9,𓁥,Goddess with horned sun-disk,Det. and Ideo.
C10,𓁦,God with feather,Det. and Ideo. M3ʿt “Maat”
C10a,𓁧,Goddess with feather holding ʿnḫ,Use as C10
C11,𓁨,ḥḥ-figure,"Ideo. ḥḥ “million,” god Heh."
C12,𓁩,Amun,Det. and Ideo. Imn “Amun.”
C17,𓁮,Montu,Det. and Ideo Mntw “Montu.”
C18,𓁯,Tatjenen,Det. and Ideo. t3-ṯnnii “Tatjenen.”
C19,𓁰,Ptah,Det. and Ideo. Ptḥ “Ptah.”
C20,𓁱,Variant C19,Use as C19
D1,𓁶,Head,"Phono.tp. Det. or Ideo. fortp“head,”tpy“first, chief.” Det.ḏ3ḏ3“head.”"
D2,𓁷,Face,Phon.ḥr. Ideo. forḥr“face.”
D3,𓁸,Hair,"Det. foršny“hair,”iwn“complexion, nature.” Abbr. forgm wš“found missing.”"
D4,𓁹,Eye,"Phono.iri“to do, make.” Ideo. forirt“eye.”"
D5,𓁺,Eye with paint,"Det. for actions or conditions of the eye. ex.dgi“look,”šp“blind.”"
D6,𓁻,Eye with paint,Use as D5.
D7,𓁼,Eye with paint,Det. for adorn and in ʿnw ” “Anu” (location).
D8,𓁽,Eye enclosed,"Det. forʿnw“Turah,”ʿn“beautiful.”"
D9,𓁿,Eye weeping,Det. or Ideo. forrmi“weep.”
D10,𓂀,Eye with falcon’s head marking,Det. or Ideo. forw3ḏt“wedjat eye.”
D11,𓂁,White part of w3ḏt eye,1/2 ḥeqat measure of grain.
D12,𓂂,Eye pupil,Det. forḏfd“pupil of eye.”
D13,𓂃,Eyebrow,1/8 ḥeqat measure of grain.
D14,𓂄,White part of w3ḏt eye,1/16 ḥeqat measure of grain.
D15,𓂅,Part of w3ḏt eye markings,1/32 ḥeqat measure of grain.
D16,𓂆,Part of w3ḏt eye markings,1/64 ḥeqat measure of grain.
D17,𓂇,Markings of w3ḏt eye,"Det. or Ideo. fortit“figure, image.”"
D18,𓂈,Ear,Det. or Ideo. formsḏr“ear.”
D19,𓂉,"Eye, nose, and cheek","Det. or Ideo. forfnd“nose.” Det.sn“smell,”rš“rejoice.”"
D20,𓂊,Var. D19,Use as D19
D21,𓂋,Mouth,Phon.r. Ideo. forr“mouth.”
D22,𓂌,Mouth with two lines,Ideo. forrwy“2/3.”
D23,𓂍,Mouth with three lines,Ideo. forḫmt rw“3/4.”
D24,𓂎,Upper lip with teeth,Det. or Ideo. forspt“lip.” Mistakenly used a F42.
D25,𓂏,Lips with teeth,Det. or Ideo. forspty“lips.”
D26,𓂐,Lips spewing water,"Det. for spit, spew. ex.psg“spit,”ḳʿ“spew out.”"
D27,𓂑,Breast,"Det. for breast, suckle. ex.mnḏ“breast”"
D27a,𓂒,Var. of D27,Use as D27.
D28,𓂓,Two arms,Phono.k3. Ideo. fork3“soul.”
D29,𓂔,Var. of D28,Use as D28.
D30,𓂕,Two arms with tail,"Det. fornḥb-k3w“Uniter of Attributes, Assigner of Kas,” name of mythical serpent deity."
D31,𓂖,Combination of signs D32 and U36,Ideo. forḥm-k3“ka servent.”
D32,𓂘,Two arms embracing,"Det. for embrace, open. ex.inḳ“envelop,” ḥpt “embrace.”"
D33,𓂙,Arms holding oar,Phono.ẖn. Ideo. forẖni“row.”
D34,𓂚,Arms with shield and axe,Ideo. forʿḥ3“fight”
D34a,𓂛,Arms with shield and mace,Use as D34.
D35,𓂜,Negative arms,"Phono.n. Ideo. fornandnn, “not.” Det. negation."
D36,𓂝,Arm,"Phono.ʿ. Ideo.ʿ“arm, hand.”"
D37,𓂞,Arm holding sign X8,Phono.diinrdi“give.”
D38,𓂟,Arm holding bread,Phono.miorm. Det. forimi“give.”
D39,𓂠,Arm holding W24,"Det. for offer, present. ex.ḥnk“present,”drp“offer.”"
D40,𓂡,Arm holding stick,"Det. for force, effort. ex.nḫt“strong.” Ideo.h3i“evaluate.”"
D41,𓂢,Arm with downward facing palm,"Phono.ni. Det. for arm. ex.rmn“arm, shoulder.”"
D42,𓂣,Arm with downward facing palm,Det. or Ideo. formḥ“cubit”
D43,𓂤,Arm with flail,Phono.ḫw. Ideo. forḫwi“protect.
D44,𓂥,Arm with scepter,"Det. and Ideo. forḫrp“control, be at head of, administer.”"
D45,𓂦,Arm with brush,"Det. and Ideo. forḏsr“clear road, sacred, holy.”"
D46,𓂧,Hand,Phono.d. Ideo. forḏrt“hand.”
D46a,𓂨,Hand with water,Ideo. foridt“fragrance.”
D47,𓂩,Hand,Det. forḏrt“hand” when spelled with Phono.
D48,𓂪,Palm without thumb,"Ideo.šsp“palm, hand-breadth” (measure)"
D49,𓂬,Fist,"Det. for grasp. ex.3mm“grasp,”ḫfʿ“seize.”"
D50,𓂭,Vertical finger,"Ideo. forḏbʿ“finger,”ḏbʿ“10,000.” Det. for accurate, when doubled."
D51,𓂷,Horizontal finger,"Det. for actions related to finger, fruit, flower. ex.ʿnt“nail,”ḫ3i“measure,”dḳr“fruit.”"
D52,𓂸,Penis,"Phono.mt. Det. for male. ex.ʿ3“ass,”ṯ3y“male.” Ideo.k3“bull.”"
D53,𓂺,Penis with liquid,"Det. for male, penis. ex.m b3ḥ“in the presence of”ḏr b3ḥ“since,”r b3ḥ“before.”"
D54,𓂻,Legs walking,Phono.iwiniwi“come.” Det. for motion.
D55,𓂽,Legs walking (reverse of D54),"Det. for backwards. ex.ʿnn“turn back,”ḫtḫt“be reversed.”"
D56,𓂾,Leg,"Phono.pd. Det. for leg, foot. ex.rd“leg,”pd“knee.”"
D57,𓂿,Leg with T30,Det. for mutilate. ex.i3ṯ“be mutilated.”
D58,𓃀,Foot,Phono.b. Ideo. forbw“place.”
D59,𓃁,Foot with D36,Phono.ʿb
D60,𓃂,Foot with water streaming,"Ideo. forwʿb“pure, clean.”"
D61,𓃃,Toes,Ideo. fors3ḥ“toe”
D62,𓃄,Var. D61,Use as D61.
D63,𓃅,Var. D61,Use as D61.
E1,𓃒,Bull,"Det. of cattle. ex.ng“bull,”mnmnt“cattle.” Ideo. ink3“bull.”"
E2,𓃓,Bull preparing to charge,"Det. insm3“fighting bull.” Ideo. ink3 nḫt“victorious bull,” (epithet of Pharaoh.)"
E3,𓃔,Calf,Det. inbḥs“calf”
E4,𓃕,Sacred cow,Det. inḥs3t“sacred cow.”
E5,𓃖,Cow with calf,Det. in3ms“show solicitude.”
E6,𓃗,Horse,Ideo. or Det. inssmt“horse.” Det. inibr“stallion.”
E7,𓃘,Donkey,Det. inʿ3“donkey.”
E8,𓃙,Kid,"Phon.ib, “kid.” Det. inʿwt“flocks.”"
E9,𓃚,Newborn bubalis,Phon.iw. Iniwr“conceive.”
E10,𓃛,Ram,"Det. inb3“ram,” ẖnmw “Khnum,”ʿwt ḥḏt“white flocks, sheep”"
E11,𓃞,Ram,Use as E10
E12,𓃟,Pig,Det. inrri“pig.”
E13,𓃠,Cat,Det. inmiw“cat.”
E14,𓃡,Dog,"Det. iniw“dog,”ṯsm“hound.”"
E15,𓃢,Recumbent Jackal,"Det. or Ideo. inInpw, “Anubis.”"
E16,𓃣,Recumbent Jackal on shrine,Use as E15.
E17,𓃥,Jackal,Det. or Ideo. ins3b“jackal” and “dignitary.”
E18,𓃧,Jackal on standard R12,"Det. or Ideo. inWp-w3wt“Opener of ways, Wepwawet.”"
E19,𓃨,O.K. form of last,Use as E18
E20,𓃩,Seth animal,"Det. or Ideo. instẖ,stš“Seth.” Det. inẖnnw“turmoil,”sh3“confusion.”"
E21,𓃫,Recumbent Seth animal,"Det. innšni“storm, rage.”"
E22,𓃬,Lion,Det. or Ideo. inm3i“lion”
E23,𓃭,Recumbent Lion,Phon.rw. Det. or Ideo. inrw“lion.”
E24,𓃮,Panther,"Det. or Ideo. in3by“panther, leopard.”"
E25,𓃯,Hippopotamus,"Det. indb,dib“hippopotamus.”"
E26,𓃰,Elephant,Det.3bw“elephant.” Ideo. in3bw“Elephantine.”
E27,𓃱,Giraffe,Det.sr“foretell.” Det. or Ideo inmmi“giraffe.”
E28,𓃲,Oryx,Det. inm3ḥḏ“oryx.”
E29,𓃴,Gazelle,Det. ingḥs“gazelle.”
E30,𓃵,Ibex,"Det. inn3w,nr3w,ni3“ibex.”"
E31,𓃶,Goat with collar,"Det. insʿḥ“rank, privilege.”"
E32,𓃷,Baboon,"Det. iniʿn“baboon,”ky“monkey,”qnd“furious.”"
E33,𓃸,Monkey,"Det.gf,gif“monkey.”"
E34,𓃹,Hare,Phono.wn.wnn“be.”
F1,𓃾,Head of ox,Ideo. in offering formulas fork3“cattle.”
F2,𓄀,Head of charging ox,Det. inḏnd“rage.”
F3,𓄁,Head of hippopotamus,"Phono.3t. Det. or Ideo. in “moment, attack.”"
F4,𓄂,Forepart of lion,"Ideo. inḥ3t“front,”ḥ3ty“heart.”"
F5,𓄃,Head of bubalis,Phon.šs3. Det. and Ideo. inšs3“skilled” and “prayer.”
F6,𓄄,Forepart of bubalis,Use as F5
F7,𓄅,Head of ram,"Det. inšft“ram’s head.” Det. or Ideo. inšfyt“worth, dignity.”"
F8,𓄆,Forepart of ram,Use as F7
F9,𓄇,Head of leopard,Det. or Ideo. inpḥty“strength.”
F10,𓄈,Head and neck of animal,"Det. inḫḫ“throat,”ʿm“swallow.”"
F11,𓄉,O.K. form of F10,Use as F10
F12,𓄊,Head and neck of jackal,Phon.wsr. Ideo inwsrt“neck.” Inwsr“powerful”
F13,𓄋,Horns of ox,"Phon.wp. Ideo. inwpt“brow, beginning.”"
F14,𓄍,Combination of F13 and M4,Ideo.wpt-rnpt“Opening of the Year.”
F15,𓄎,Combination of F14 and N5,Use as F14
F16,𓄏,Horn,"Phono. ʿb. Det. or Ideo. in db “horn,” ʿb “horn.” In m-ʿb “together with.”"
F17,𓄐,Combination of F16 and D60 water vessel,Det. or Ideo. inʿbw“purification.”
F18,𓄑,Tusk of elephant,"Phono.bḥ,ḥw. Det. and Ideo. inibḥ“tooth.” Det. insbḥ“cry.”"
F19,𓄒,Jawbone of ox,Det. inʿrt“jaw.”
F20,𓄓,Tongue,Phono.ns. Inns“tongue.” Ideo. inimy-r“overseer.”
F21,𓄔,Ear of ox,"Phono.sḏm,idn. Det. or Ideo. inmsḏr“ear. Ideo.sḏm, “hear.”"
F22,𓄖,Hindquarters of leopard or lion,"Phono.pḥin “reach,”pḥty“strength.” Ideo. forpḥwy“end.”"
F23,𓄗,Foreleg of ox,"Det. or Ideo. inḫpš“strong arm, leg.”"
F24,𓄘,Reverse of F23,Use as F23.
F25,𓄙,Leg and hoof of ox,"Phono.wḥmin “hoof,” “repeat.”"
F26,𓄚,Goatskin,"Phono.ẖn. Inẖnw“interior,”ẖn“approach.”"
F27,𓄛,Cowskin,"Det. indḥr“hide,”msk3“skin.”"
F28,𓄜,Var. of F27,Phono.s3b.
F29,𓄝,Combination of F28 + arrow,"Phono.st. Det. and Ideo.sti“pierce, shoot.”"
F30,𓄞,Water skin,"Phono.šd. Inšdi“draw forth,”šdw“water skin.”"
F31,𓄟,Three fox skins,Phono.ms. Inmsi“give birth.”
F32,𓄡,Animal belly and tail,"Phono.ẖ. Ideo. inẖt“belly, body.”"
F33,𓄢,Tail,Phono.sd. Det. and Ideo insd“tail.”
F34,𓄣,Heart,Ideo. inib“heart.” Det. of ”ḥ3ty“heart.”
F35,𓄤,Heart and windpipe,"Phono.nfr. Innfr“good, beautiful.”"
F36,𓄥,Lung and windpipe,Phono.sm3. Insm3“unite” and “lung.”
F37,𓄦,Backbone and ribs,Det. or Ideo. ini3t“back.” Det. inpsd“back.”
F38,𓄨,Var. of F37,Det. inpsd“back.”
F39,𓄪,Backbone and spinal cord,Det. and Ideo. inim3ḫ“spine” and “honor.”
F40,𓄫,Backbone and spinal cord at each end,Phono.3w.
F41,𓄬,Vertebrae,Det. inpsd“back.”
F42,𓄭,Rib,Phono.spr. Inspr“approach.”
F43,𓄮,Ribs,Det. insḥpt“ribs.”
F44,𓄯,Leg bone with meat,"Phono.iwʿ,isw. Iniwʿinherit,”siw“exchange.”"
F45,𓄰,Heifer uterus,"Det. or Ideo. indit“vulva, cow.”"
F46,𓄲,Intestine,"Ideo. inq3b“instestine,”m-q3b“in the midst of” pḫr “turn.”"
F47,𓄴,Var. of F46,Use as F46.
F48,𓄶,Var. of F46,Use as F46.
F49,𓄷,Var. of F46,Use as F46.
F50,𓄸,Combination of F46 and S29,"Phono.spḫr, “write, copy.”"
F51,𓄹,Piece of flesh,"Phono.is,ist,ws. Det.ḥʿ“flesh,”iwf“meat.”"
F52,𓄽,Excrement,Det. inḥs“excrement.”
G1,𓄿,Vulture,Phono.3. In3“vulture.’
G2,𓅀,Two Vultures,Phono33. Inm33“see.”
G3,𓅁,Combination of G1 + U1,Phono. inm3. Insm3wy“renew.”
G4,𓅂,Buzzard,Phono.tyw.
G5,𓅃,Falcon,Ideo.ḥrw“Horus.”
G6,𓅄,Falcon with flail,De.t inbik“falcon.”
G7,𓅆,Falcon on standard,"Det.imn“Amun,”nsw“king,” divine. 1st sing. pro.i,wi, with divine speaker."
G7a,𓅇,"Var of G7, Falcon in boat",Ideo.nmty“Nemty”
G7b,𓅈,"Var of G7, G7a",Use as G7a.
G8,𓅉,Combination of G5 + S12,Ideo.Hr/bik nbw“Golden Horus/falcon.”
G9,𓅊,Falcon with sun disk,Ideo. inrʿ-ḥrw-3ḫty“Re-Horakhty.”
G10,𓅋,Falcon in sacred bark,"Det. inskr“Sokar,”ḥnw“Sokar bark.”"
G11,𓅌,Falcon image,"Det. inʿšm,ʿẖm,ʿḫm“divine image,”šnbt“breast.”"
G12,𓅎,Falcon image with flail,Use as G11.
G13,𓅏,Falcon image with S9,Ideo.ḥrw nḫny“Horus of Hierakonopolis.” Det. inspdw“Sopdu.”
G14,𓅐,Vulture,"Phono.mwt,mt. Inmwt“mother.”"
G15,𓅑,Vulture with flail,Det. inmwt“Mut.”
G16,𓅒,Nehkbet and Edjo,Ideo. innbty“Two Ladies” (title of Pharaoh)
G17,𓅓,Owl,Phono.m.
G18,𓅔,Two Owls,Phono.mm.
G19,𓅕,Combination of G17 + D37,"Phono.mi,m."
G20,𓅖,Combination of G17 + D36,Use as G19.
G21,𓅘,Guinea fowl,Phono.nḥ. Innḥḥ“eternity.”
G22,𓅙,Hoopoe,Phono.ḏb/ḏbt.
G23,𓅚,Lapwing,Det. and Ideo. inrḫyt“commoners.”
G24,𓅛,Var. of G23,Use as G23.
G25,𓅜,Crested Ibis,Phono.3ḫ. In “spirit.”
G26,𓅝,Sacred ibis on standard,Det. inḏḥwty“Thoth.”
G26a,𓅞,Sacred ibis,Use as G26.
G27,𓅟,Flamingo,"Phono.dšr. Indšr“red,” “flamingo.”"
G28,𓅠,Black ibis,Phono.gm. Ingmi“find.”
G29,𓅡,Jabiru,Phono.b3. In “soul.”
G30,𓅢,Three jabirus,"Ideo. inb3w“spirits, strength.”"
G31,𓅣,Heron,Det. inšnty“heron.”
G32,𓅤,Heron on perch,Det. or Ideo. inbʿḫi“inundated.”
G33,𓅥,Egret,Det.sd3“tremble.”
G34,𓅦,Ostrich,Det. inniw“ostrich.”
G35,𓅧,Cormorant,Phono.ʿq. Inʿq“enter.”
G36,𓅨,Swallow,Phono.wr. Inwr“great.”
G37,𓅪,Sparrow,"Det. innḏs“small,”bin“bad.”"
G38,𓅬,Goose,"Phono.gb. Ingb“Geb.” Det. inwf3“talk,”wsf“idle,”ḥtm“perish.”"
G39,𓅭,Duck,Phono.s3. Ins3“son.” Det. insi“duck.”
G40,𓅮,Duck flying,"Phono.p3. Inp3“the,” “fly.”"
G41,𓅯,Duck landing,"Phono.ḫn. Inḫni“alight, halt,”ḫn“speech,”qm3“throw,” “create.”"
G42,𓅰,Fattened bird,"Det. and Ideo. inwš3“fatten,”ḏf3w“provisions.”"
G43,𓅱,"Quail chick, var. Z7",Phono.w.
G44,𓅳,Two quail chicks,Phono.ww. Inpḥww“end.”
G45,𓅴,Combination of G43 + D36,Phonowʿ.Inwʿw“soldier.”
G46,𓅶,Combination of G43 + U1,Phono.m3w.
G47,𓅷,Duckling,Phono.ṯ3. Inṯ3y“male.”
G48,𓅸,Three ducklings in nest,Ideo. insš“nest.”
G49,𓅹,Ducks’ heads protruding from pool,Det. or Ideo. insš“nest.”
G50,𓅺,Two plovers,Ideo. forrḫty“washerman.”
G51,𓅻,Bird pecking fish,Det. inḥ3m“catch fish.”
G52,𓅼,Goose feeding,Det. insnm“feed.”
G53,𓅽,Human headed bird,Ideo. inb3“soul.”
G54,𓅾,Plucked bird,Phono.snḏ. Insnḏ“fear.”
H1,𓅿,Head of duck,Ideo. in3pd“bird.” Det. inwšn“wring the neck of birds.”
H2,𓆀,Head of crested bird,"Phono.m3ʿ,wšm,p3q. Det. inm3ʿ“temple of the head,” “true.”"
H3,𓆁,Head of spoonbill,Phono.p3q.
H4,𓆂,Head of vulture,Phono.nr. Det. innrt“vulture.”
H5,𓆃,Wing,Det. inḏnḥ“wing.”
H6,𓆄,Feather,Phono.šw. Ideo. inšwt“feather.” Det. and Ideo. inm3ʿt“truth.”
H7,𓆆,Claw,"Phono.š3,š3t. Inš3t“Shat” (location)."
H8,𓆇,Egg,Ideo. ins3“son.” Det.sḥwt“egg.”
I1,𓆈,Lizard,"Phono.ʿš3. Det. for lizard. ex.ʿš3“lizard” andʿš3“many, numerous.”"
I2,𓆉,Turtle,Det. or Ideo. forštyw“turtle.”
I3,𓆊,Crocodile,"Det. or Ideo. for crocodile. ex.msḥ“crocodile,”3d“agressive.” Ideo.ity“sovereign,” when reduplicated"
I4,𓆋,Crocodile on shrine,Det.sbk“Sobek.”
I5,𓆌,Crocodile with curved tail,"Det. ins3q“collect, gather.”"
I6,𓆎,Crocodile scales,Phono.km. Inkmt“Egypt.”
I7,𓆏,Frog,Det. inḥqt“Heqet.” Ideo.wḥm ʿnḫ“repeating life.”
I8,𓆐,Tadpole,"Det.ḥfnr“tadpole.” Ideo.ḥfn“100,000.”"
I9,𓆑,Horned viper,Phono.f. Det. init“father.”
I10,𓆓,Cobra,Phono.ḏ.
I11,𓆕,Two cobras,Phonoḏḏ.
I12,𓆗,Erect cobra,Det. inʿirt“uraeus.” Det. of goddesses.
I13,𓆘,Combination of I12 + V30,Det. inw3ḏt“Wadjet.”
I14,𓆙,Snake,"Det.ḥf3w“snake, serpent.”"
I15,𓆚,Var. of I15,Use as I14.
K1,𓆛,Bulti fish,Phono.in. Inint“bulti.”
K2,𓆜,Barbel fish,Phono.bw. Inbwt“abomination.”
K3,𓆝,Mullet fish,Phono.ʿḏ. Inʿḏ-mr“district administrator.”
K4,𓆞,Oxyrhynchus fish,Phono.ẖ3. Inẖ3t“oxyrhynchus.”
K5,𓆟,Pike fish,Phono.bs. Det. inbsi“introduce.”
K6,𓆠,Fish scale,Det. and Ideo. innšmt“fish scale.”
K7,𓆡,Blowfish,Det.špt“discontented.”
L1,𓆣,Scarab beetle,"Phono.ḫpr. Inḫpr“being, exist, become."
L2,𓆤,Bee,Ideo. forbity“King of Lower Egypt.”
L3,𓆦,Fly,Det. inʿff“fly.”
L4,𓆧,Locust,Det. insnḥm“locust.”
L5,𓆨,Centipede,Det.sp3“centipede.”
L6,𓆩,Shell,Phonoḫ3. Inḫ3wt“offering table.”
L7,𓆫,Scorpion,Det. and Ideo. insrqt“Selket.”
M1,𓆭,Tree,"Phono.im3. Det.nhwt,mnw“trees.”"
M2,𓆰,Plant,"Phono.ḥn. Inḥni“rush,”ḥnw“vessel.” Det. inis“tomb.”"
M3,𓆱,Branch,"Phono.ḫt. Inḫt“wood,”ḫtyw“terrace,”nḫt“strong.”"
M4,𓆳,Stripped palm branch,"Ideo. inrnpt“year,”ḥsbt“regnal year.” Det. intr“time.”"
M5,𓆴,Combination of M4 + X1,"Det. or Ideo. intr“time, season.”"
M6,𓆵,Combination of M4 + D21,"Det. or Ideo. intr“time, season.”"
M7,𓆶,Combination of M4 + Q3,Det. or Ideo. inrnpi“young.”
M8,𓆷,Pool with lilies,Phonoš3. Inš3“marsh.” Ideo.3ḫt“Inundation” (season).
M9,𓆸,Lily,Det. or Ideo insšn“lily.”
M10,𓆹,Lily bud,Det. innḥbt“lily bud.”
M11,𓆻,Flower and stem,Det. or Ideo. inwdn“offer.”
M12,𓆼,Lily plant,"Phono.ḫ3. Inḫ3w nw sšn“lily plants”ḫ3“1,000,”sḫ3“remember.”"
M13,𓇅,Papyrus stem,"Phono.w3ḏ,wḏ."
M14,𓇆,Combination of M13 and I10,Phono.w3ḏ. Inw3ḏ wr“the sea.”
M15,𓇇,Papyrus clump with downward facing buds.,Phono.3ḫ. In3ḫ-bit“Chemmis.” Det. of Papyrus.
M16,𓇉,Papyrus clump,Phono.ḥ3. Inḥ3q“capture.” Det. in “The Delta.”
M17,𓇋,Reed leaf,"Phono.i. Phono.y, when doubled."
M18,𓇍,Combination of M17 + D54,Phonoi. Inii“come.”
M19,𓇎,Conical cakes between signs M17 and U36,Det. and Ideo. inʿ3bt“offering.”
M20,𓇏,Reed field,"Det.sḫt“marshland,”sm“occupation.”"
M21,𓇐,Reed field with root,"Det. insm“plant,” “help.”"
M22,𓇑,Rush with shoots,"Phono.nḫb. Phono.nn, when doubled. Innḫbt“germination,” “Nehkbet.”"
M23,𓇓,Sedge,Phono.sw. Ideo.nswt“king.”
M24,𓇔,Combination of M23 + D21,Ideo.rsw“south.”
M25,𓇖,Combination of M26 + M24,Use as M24.
M26,𓇗,Sedge,Phono.šmʿ. Ideo.šmʿwin “Upper Egypt.”
M27,𓇘,Combination of M26 + D36,Phono.šmʿ.
M28,𓇙,Combination of M26 + V20,Ideo. in titlewr mḏw šmʿw“Greatest of the tens of Upper Egypt.”
M29,𓇛,Pod,Phono.nḏm. Innḏm“sweet.
M30,𓇜,Root,Det. or Ideo.bnr“sweet.”
M31,𓇝,Rhizome,Det. inrd“grow.”
M32,𓇟,Var of M31,Use as M31
M33,𓇠,Grain,"Ideo. init“barley, corn.”"
M34,𓇣,Emmer sheaf,Det. or Ideo. inbti“emmer.”
M35,𓇤,Grain heap,Det. inʿḥʿw“heaps.”
M36,𓇥,Flax bundle,"Phono.ḏr. Inḏr“since,”nḏri“hold fast.”"
M37,𓇦,Flax bundle with stems,Phono.ḏr.
M38,𓇧,Flax bundle,"Det. inmḥʿ“flax,”dm3“bind together.”"
M39,𓇨,Basket of fruit or grain,Det. inrnpt“vegetables.”
M40,𓇩,Reed bundle,"Phonois. Inis“tomb,”iswt“crew.”"
M41,𓇫,Wood log,Det. inʿš“cedar.”
M42,𓇬,Flower,"Phono.wn. Inwnm“eat,”ḥwn“be young.”"
M43,𓇭,Grape vines on props,Det. or Ideo. inirp“wine.”
M44,𓇮,Thorn,Det.spd“sharp.”
N1,𓇯,Sky,"Det. or Ideo.pt“sky,”ḥrt“heaven,”ḥry“above.”"
N2,𓇰,Sky with broken S40,Det. or Ideo.grḥ“night.”
N3,𓇱,Var. of N2,Use as N2.
N4,𓇲,Sky with rain,"Det. or Ideo.šnyt“rain,”i3dt“dew.”"
N5,𓇳,Sun,"Ideo.rʿ“sun, Re”hrw“day,”sw“day.”"
N6,𓇴,Sun with uraeus,"Det. or ideo inrʿ“sun, Re.”"
N7,𓇵,Combination of N5 + T28,Det.ẖrt-hrw“daytime.”
N8,𓇶,Sun with rays,"Phono.wbn. Det. or Ideo.3ḫw“sunshine,”psḏ“shine,”wbn“rise.”"
N9,𓇷,Moon,Phono.psḏ. Inpsḏt“Ennead.”
N10,𓇸,Var of N9,Use as N9.
N11,𓇹,Crescent moon,Ideo.3bd“month.” Det.iʿḥ“moon.”
N12,𓇺,Var. of N11,Det.iʿḥ“moon.”
N13,𓇻,Combination of half of N11 and N14,Ideo.mḏdiwnt“half month festival.”
N14,𓇼,Star,"Phono.sb3,dw3. Insb3“star,”dw3“morning.” Ideo.wnwt“hour.”"
N15,𓇽,Star encircled,Ideo. indw3t“netherworld.”
N16,𓇾,Flat land with grain,"Phono.t3. Int3“land, earth.”Det. inḏt“eternity.”"
N17,𓇿,Var. of N16,Use as N16.
N18,𓈀,Strip of sand,Ideo. iniw“island.”
N19,𓈃,Two strips of sand,"Ideo. in3ḫt“horizon,”ḥrw-3ḫty“Horakhty.”"
N20,𓈄,Tongue of land,Phono.wḏb. Inwḏb“shore.” Det. inḥ3b-sd“Sed Festival.”
N21,𓈅,Tongue of land,"Ideo. inidb“bank,”idbwy“two banks.”"
N22,𓈆,Tongue of land,"Det. inʿḥt“field,”sḫt“field.”"
N23,𓈇,Canal,"Det. int3“land,”i3š“boundary.”"
N24,𓈈,Irrigation canal system,Det. or Ideo. insp3t“nome.”
N25,𓈉,Mountain rande,"Ideo. inḫ3st“foreign land, hill country.”"
N26,𓈋,Mountain,Phono.ḏw“mountain.”
N27,𓈌,Sunrise over mountain,Ideo. in3ḫt“horizon.”
N28,𓈍,Hill with sun rays,Phono.ḫʿ. Inḫʿ“appear.”
N29,𓈎,Sandy slope,Phono.q.
N30,𓈏,Hill with shrubs,Det. or Ideo. ini3t“mound.”
N31,𓈐,Road bordered by shrubs,Det. and Ideo. inw3t“road.”
N32,𓈑,"Lump of clay, Var. Aa2 and F52.",Det. insin“clay.”
N33,𓈒,Grain of sand,Det. innbw“gold.”
N34,𓈔,Metal Ingot,"Ideo. inbi3,ḥmt“copper.”"
N35,𓈖,Water ripple,Phono.n.
N35a,𓈗,Three ripples,Phono.mw. Inmw“water.”
N36,𓈘,Canal,Phono.mr. Inmr“canal.”
N37,𓈙,Pool,Phono.š. Inš“pool.”
N38,𓈛,Var. of N37,Use as N37.
N39,𓈜,Var. of N37,Use as N37.
N40,𓈝,Combination of N37 and D54,Phono.šm. Inšm“to go.”
N41,𓈞,Well with water,Phono.ḥm. Inḥmt“wife.” Det. inbi3“copper.”
N42,𓈟,Var. of N41,Use as N41.
O1,𓉐,House plan,"Phono.pr. Inpr“house,”pri“go.”"
O2,𓉒,Combination of O1 + T3,Ideo. inpr-ḥḏ“treasury.”
O3,𓉓,Combination of O1 + P8 + X3 + W22,Ideo. inprt-ḫrw“invocation offering.”
O4,𓉔,Reed shelter,Phono.h.
O5,𓉕,Winding wall,Phono.nm. Innmi“traverse.”
O6,𓉗,Plan of rectangular enclosure,"Ideo. inḥwt“temple, tomb, enclosure.”"
O7,𓉞,Var of O6,Use as O6.
O8,𓉟,Combination of O7 + O29,"Ideo. inḥwt-ʿ3“Great temple, enclosure.”"
O9,𓉠,Combination of O7 + O30,Ideo. innbt-ḥyt“Nephthys.”
O10,𓉡,Combination of O6 + G5,Ideo. inḥwt-ḥrw“Hathor.”
O12,𓉥,Palace with battlements,Ideo. inʿḥ“palace.”
O13,𓉦,Enclosure with battlements,"Det. insbḫ“enclose,”sbḫt“gateway.”"
O14,𓉧,Var. of O13,Use as O13
O15,𓉨,Walled enclosure with buttresses + W10 + X1,Ideo. inwsḫt“hall.”
O16,𓉩,Gateway with serpents,"Det. or Ideo. int3yt“curtain,”t3yty“he of the curtain” (vizier title)."
O17,𓉪,Var. of O16,Use as O16
O18,𓉫,Shrine in profile,"Det. or Ideo. ink3r“shrine, chapel.”"
O19,𓉬,Shrine in profile with poles,Det. inpr-wr“Great House.”
O20,𓉭,Shrine,"Det. initrt“row of sanctuaries,”ḫm“shrine.”"
O21,𓉯,Shrine Facade,Det. or Ideo. insḥ-nṯr“divine shrine.”
O22,𓉱,Booth supported by pole,"Det. or Ideo. insḥ“counsel,” “booth.”"
O23,𓉲,Double platform,Ideo. inḥ3b-sd“Sed Festival.”
O24,𓉳,Pyramid surrounded by wall,Det. inmr“pyramid.”
O25,𓉴,Obelisk,Det. or Ideo. intḫn“obelisk.”
O26,𓉶,Stela,Det. or Ideo. inwḏ“stela.”
O27,𓉸,Hall with columns,"Det. inḫ3“office,”ḫ3wy“night.”"
O28,𓉹,Column with tenon,"Phonoiwn. Iniwnw“Heliopolis,”iwn“column.”"
O29,𓉺,Wood column,Phono.ʿ3. Inʿ3“great.”
O29V,𓉼,Vertical wood column,Use as O29
O30,𓉽,Supporting pole,Ideo. insḫnt“support.”
O31,𓉿,Door,"Det. inʿ3“door,”sn,wn“open.”"
O32,𓊀,Gateway,"Det. insb3“door,”sbḫt“gateway.”"
O33,𓊁,Palace or tomb facade,Det. insrḫ“banner.”
O34,𓊃,Door bolt,Phono.s. Ins“bolt.”
O35,𓊄,Combination of O34 + D54,"Phono. s. Insbi“go,” “perish,”ms“bring.”"
O36,𓊅,Wall,Ideo. ininb“wall.”
O37,𓊊,Falling wall,"Det. inwhn“overthrow,”gs3“tilt.”"
O38,𓊋,Corner of wall,"Ideo. inqnbt“court, corner, magistrates.”"
O39,𓊌,Stone slab,"Det. ininr“stone,”dbni“deben (weight),”ḏbt“brick.”"
O40,𓊍,Stairway,"Det. inrwd“stairwaway,”ḫtyw“terrace.”"
O41,𓊎,Double stairway,"Det. inq3y“high place,”iʿr“ascend.”"
O42,𓊏,Fence,Phono.šsp. Inšsp“receive.”
O43,𓊐,Var. of O42,Use as O42
O44,𓊑,Min emblem,"Ideo. ini3t“rank, office.”"
O45,𓊒,Domed building,Det. or Ideo. inipt“harim.”
O46,𓊓,Var. of O45,Use as O45.
O47,𓊔,Enclosed mound,Ideo. innḫn“Hierakonpolis.”
O48,𓊕,Var. of O47,Use as O47
O49,𓊖,Area with crossroads,Ideo. inniwt“town.”
O50,𓊗,Threshing floor with grain,"Phono.sp. Insp“occasion, time, event,”sp sn“two times.”"
O51,𓊚,Grain mound on mud floor,Det. or Ideo. inšnwt“granary.”
P1,𓊛,Boat on water,"Det. of boats. Indpt“ship,”ḥʿw“ships,”ḫdi“sail downstream.”"
P1a,𓊜,Boat upside down,Det. inpnʿ“capsize.”
P2,𓊝,Ship sailing,Det. inḫnti“sail upstream.”
P3,𓊞,Sacred bark,"Det.wi3“sacred bark,”ḏ3i“cross”"
P4,𓊠,Boat with net,Phono.wḥʿ. Inwḥʿ“fisherman.”
P5,𓊡,Sail,"Det. or Ideo. inṯ3w“wind, breath.” Det.mḥyt“north wind.”"
P6,𓊢,Mast,Phono.ʿḥʿ. Inʿḥʿ“stand.”
P7,𓊣,Combination of P6 +D36,Use as P6.
P8,𓊤,Oar,"Phonoḫrw. Inm3ʿ ḫrw“justified”ḫrw“voice,”ḫrwy“enemy.”"
P9,𓊥,Combination of P8 + I9,"Ideo forḫr.fy“says, said.”"
P10,𓊦,Steering oar,"Det. inḥmw“steering oar,”ḥmy“steerer”"
P11,𓊧,Mooring post,Det. inmnit“mooring post.”
Q1,𓊨,Seat,"Phono.st,ws. In st “seat, place,”wsir“Osiris,”ḥtm“perish.”"
Q2,𓊩,Portable seat,Phono.ws. Inwsir“Osiris.”
Q3,𓊪,Stool,Phono.p.
Q4,𓊫,Headrest,Det. inwrs“headrest.”
Q5,𓊬,Chest,"Det. inhn“box,”ʿfdt“chest.”"
Q6,𓊭,Coffin,"Det. or Ideo. inqrs“bury,”qrsw“coffin.”"
Q7,𓊮,Brazier with flame,"Det. of fire. Inḫt“fire,”sḏt“flame,”srf“temperature.”"
R1,𓊯,Table with jug and loaves,"Det. or Ideo. inḫ3t,ḫ3wt“offering table.”"
R2,𓊰,Table with bread slices,Use as R1.
R3,𓊲,Low table with Jug and loaves,Det. or Ideo. inwḥḏw“offering table.”
R4,𓊵,Bread loaf on mat,"Phono.ḥtp. Inḥtp“altar, rest, be pleased.”"
R5,𓊶,Censer,Det. or Ideo. ink3p“fumigate.”
R6,𓊷,Var. of R5,Use as R5
R7,𓊸,Incense bowl,Det. or Ideo. insntr“incense.”
R8,𓊹,Flag,Phono.nṯr. Innṯr“god.”
R9,𓊺,Combination of R8 + V33,Det. or Ideo. inbd“incense.”
R10,𓊻,Combination of R8 + T28 + N29,Ideo. inẖrt-nṯr“necropolis.”
R11,𓊽,Reed column,"Phono.ḏd. Inḏd“stable,”ḏdw“Busiris.”"
R12,𓊾,Standard,Det. ini3t“standard.”
R13,𓊿,Combination of G5 + R14,"Ideo. inimnt“West,”wnmi“right.”"
R14,𓋀,Var of R13,"Ideo. inimnt“West,”wnmi“right.”"
R15,𓋁,Spear as standard,"Ideo. ini3bt“East,”i3by“left.”"
R16,𓋂,Scepter with feathers,Det. or Ideo inwḫ“Qus emblem.”
R17,𓋄,Feathered wig with pole,"Det. or Ideo. int3-wr“This,” “nome of Abydos.”"
R18,𓋅,Var. of R17,Use as R17
R19,𓋆,Combination of S40 + feather,Det. inw3st“Thebes.”
R20,𓋇,Seshat emblem,Ideo. insšt“Seshat.”
R21,𓋈,Var. of R20,Use as R20.
R22,𓋉,Min emblem,"Phono.ḫm. Inḫm“shrine.” With standard, Ideo. inmnw“Min.”"
R23,𓋊,Var. of R22,Use as R22
R24,𓋋,Neith emblem,Det. innit“Neith.”
R25,𓋌,Var. of R24,Use as R24.
S1,𓋑,White crown of Upper Egypt,Det. or Ideo. inḥḏt“white crown.”
S2,𓋒,Combination of S1 + V30,Det. or Ideo. inḥḏt“white crown.”
S3,𓋔,Red crown of Lower Egypt,Phono. n. Det. or Ideo indšrt“Red Crown.”
S4,𓋕,Combination of S3 + V30,Use as S3.
S5,𓋖,Combination of red and white crown,Det. or Ideo. insḫmty“double crown.”
S6,𓋗,Combination of S5 + V30,Use as S5.
S7,𓋙,Blue Crown,Det. or Ideo. inḫprš“blue crown.”
S8,𓋚,Atef crown,Det. or Ideo. in3tf“atef crown.”
S9,𓋛,Double plumes,Det. or Ideo. inšwty“double plumes.”
S10,𓋜,Headband,Phonomḏḥ. Inmḏḥ“fillet.”
S11,𓋝,Collar,"Phono.wsḫ. Inwsḫ“collar,”swsḫ“widen.”"
S12,𓋞,Collar of beads,"Det. or Ideo. innbw“gold,”ḥḏ“silver.”"
S13,𓋟,Combination of S12 + D58,Phono.nb.
S14,𓋠,Combination of S12 + T3,Ideo. inḥḏ“silver.”
S14a,𓋡,Combination of S12 + S40,Ideo. inḏʿm“electrum.”
S15,𓋣,Faience pectoral,"Det. or Ideo. inṯḥn“sparkle,”ṯḥnt“faience.”"
S16,𓋤,Var. of S15,Use as S15.
S17,𓋥,Var of S15,Use as S15
S18,𓋧,Bead necklace,Det. or Ideo. inmnit“bead necklace.”
S19,𓋨,Necklace and cylinder seal,"Ideo. insḏ3wty“treasurer,”sḏ3w“precious.” Det. or Ideo. inḫtm“seal.”"
S20,𓋩,Necklace and cylinder seal,Ideo. inḫtm“seal.”
S21,𓋪,Ring,"Det. iniwʿw,ʿʿw,sšw“ring.”"
S22,𓋫,Shoulder knot,Phono.sṯ. Det. or Ideo. int3-wr“port.”
S23,𓋬,Knotted cloth,Phonodmḏ. Indmḏ“unite.”
S24,𓋭,Knotted belt,"Phono.ṯs. Inṯs“tie, bind.”"
S25,𓋮,Garment with ties,Ideo. iniʿ3w“guide.”
S26,𓋯,Apron,Det. or Ideo. inšndyt“apron.”
S27,𓋲,Horizontal strips of cloth,Det. or Ideo. inmnḫt“clothing.”
S28,𓋳,Cloth with fringe + S29,"Det. inḥbs“clothing,”ḥ3p“conceal,”kfi“uncover.”"
S29,𓋴,Folded cloth,"Phono.s. Inʿnḫ.(w) (w)ḏ3 snb“may he live, be prosperous, be healthy.” (L.P.H.)"
S30,𓋵,Combination of S29 + I9,Phono.sf. Insf“yesterday.”
S31,𓋶,Combination of S29 + U1,Phono.sm3. Insm3“fighting bull.”
S32,𓋷,Cloth iwht fringe,Phono.si3. Insi3t“fringed cloth.”
S33,𓋸,Sandal,"Ideo. inṯbt“sandal,”ṯbw“sandal maker.”"
S34,𓋹,Sandal strap,"Phono.ʿnḫ. Inʿnḫ“live,”ʿnḫ“sandal strap.”"
S35,𓋺,Sunshade,"Ideo. inšwt“shadow, shade.”"
S36,𓋼,Var. of S35,Use as S35
S37,𓋽,Fan,Det. or Ideo. inḫw“fan.”
S38,𓋾,Crook,"Phono.ḥq3. Inḥq3“rule,”ḥq3t“scepter.”"
S39,𓋿,Crook,Phonoʿwt. Inʿwt“flock.”
S40,𓌀,Scepter with Seth animal,"Phono.w3s. Inw3s“w3s-scepter.” Ideo. ini3tt“milk, cream.”"
S41,𓌁,Scepter with spiral shaft and Seth animal,Phono.ḏʿm. Inḏʿm“fine gold.”
S42,𓌂,Scepter,"Phono.sḫm. Insḫm“have power,”sḫm“scepter.” Det. or Ideo. inḫrp“manage, at head.”"
S43,𓌃,Staff,Phono.md. Inmdw“speak.”
S44,𓌄,Staff with flail,Det. or Ideo. in3ms“staff.”
S45,𓌅,Flail,Det. or Ideo. innḫ3ḫ3w“flail.”
T1,𓌇,Angular headed mace,Phono.mn. Inmnw“mace.”
T2,𓌈,T3 tilted,"Det. insqr,sqri“smite.”"
T3,𓌉,Pear shaped mace,"Phono.ḥḏ. Inḥḏ“mace,”ḥḏ“white, bright,”ḥḏi“damage.”"
T4,𓌋,Var of T3,Use as T3
T5,𓌌,Combination of T3 + I10,Phono.ḥḏ.
T6,𓌍,Combination of T5 + extra I10,Phono.ḥḏḏ.
T7,𓌎,Axe,"Det. inmibt,minb“axe,”mdḥ“hew.”"
T7a,𓌏,Axe,Det. of3qḥw“axe.”
T8,𓌐,Dagger,"Phono.tp. Intpy“first, chief, upon.”"
T8a,𓌑,Dagger,Det. inb3gsw“dagger.”
T9,𓌒,Bow,"Phono.pd/pḏ, inpd“stretch,”pḏt“bow.”"
T9a,𓌓,Var of T9,Use as T9
T10,𓌔,Composite bow,Use as T9
T11,𓌕,Arrow,"Phono.swn. Inswn“perish,”swnt“physician.”"
T12,𓌗,Bowstring,"Phono.rwd/rwḏ. Inrwd“hard, firm.” Ideo. ind3r“subdue.”"
T13,𓌘,Wood tied together,Phono.rs. Inrs“wakeful.”
T14,𓌙,Throw stick,"Det. of “foreign.” Ideo. inʿ3m“Asiatics,”ṯḥnw“Libya.” Det. inqm3“create,”qm3i“create.”"
T15,𓌚,Var. of T14,Use as T14
T16,𓌛,Scimitar,Det. inḫpš“scimitar.”
T17,𓌝,Chariot,Det. or Ideo. inwrrt“chariot.”
T18,𓌞,Crook with package,"Phono.šms. Inšms“follow, accompany.”"
T19,𓌟,Bone harpoon head,"Phono.qs. Inqs“annoy,”qrs“bury.” Det. intwr“pure.”"
T20,𓌠,Var. of T19,Use as T19
T21,𓌡,Harpoon,Phono. inwʿ. Inwʿ“one.”
T22,𓌢,Arrowhead,"Phono.sn. Insn“brother,”sn“smell.”"
T23,𓌣,Var. of T22,Use as T22
T24,𓌤,Fishing net,Phono.ʿḥ/iḥ. Iniḥ“net.”
T25,𓌥,Reed Float,"Phono.db3/ḏb3. Inḏb3“adorn,”db3“replace.”"
T26,𓌦,Bird Trap,"Det. or Ideo. insḫt“trap, snare.”"
T27,𓌧,Var. of T26,Use as T26
T28,𓌨,Butcher’s block,"Phono.ẖr. Inẖr“under,”ẖrt“portion.”"
T29,𓌩,Combination of T28 + T30,Ideo. innmt“place of slaughter.”
T30,𓌪,Knife,Ideo. fordmt“knife.” Det. indm“be sharp.”
T31,𓌫,Knife sharpener,"Phonosšm. Insšm“guide, lead.”"
T32,𓌬,Combination of T31 + D54,"Phonosšm. Insšm“guide, lead.”"
T33,𓌮,Butcher’s knife sharpener,Ideo. insšm“butcher.”
T34,𓌰,Butcher’s knife,"Phono.nm. Innm“knife,”ḫnms“friend.”"
T35,𓌱,Var. of T34,Use as T34
U1,𓌳,Sickle,"Phono.m3. Inm33“see,”3sḫ“reap.”"
U2,𓌴,Var. of U1,Use as U1.
U3,𓌵,Combination of U1 + D4,Phono.m3. Inm33“see.”
U4,𓌶,Combination of U1 + Aa11,Phono.m3ʿ. Inm3ʿ“true.”
U5,𓌷,Var. of U4,Use as U4.
U6,𓌸,Hoe,Phono.mr. Inmri“love.”
U7,𓌻,Var. of U6,Use as U6.
U8,𓌼,Hoe,Phono.ḥn. Inḥn“hoe.”
U9,𓌽,Grain measure with grain streaming outwards,"Det. inbdt“emmer,”ḫ3i“measure,”ḥq3t“hekat measure.”"
U10,𓌾,Combination of U9 + M33,Ideo. init“barley.”
U11,𓌿,Combination of S38 + U9,Ideo. inḥq3t“hekat measure.”
U12,𓍀,Combination of D50 + U9,Ideo. inḥq3t“hekat measure.”
U13,𓍁,Plow,Phono.šnʿ. Inšnʿ“repel.” Phonohb. Inhb“plow.”
U14,𓍂,Two branches joined,Phono.šnʿ. Inšnʿ“repel.”
U15,𓍃,Sled,"Phono.tm. Intm“be complete,”ḥtm“perish.”"
U16,𓍄,Sled with jackal head bearing a load,Det. inbi3“wonder.”
U17,𓍅,Pick with pool,"Phono.grg. Ingrg“establish, snare,”grg“falshood, lie.”"
U18,𓍆,Var. U17,Use as U17.
U19,𓍇,Adze,Phono.nw. Innw“this.”
U20,𓍈,Var. of U19,Use as U19
U21,𓍉,Adze with wood block,Phono.stp/sṯp. Instp“choose.”
U22,𓍊,Chisel,"Det. inmnḫ“efficient,”mnḫ“carve.”"
U23,𓍋,Chisel,"Phono.mr. Inmr“ill,”smr“friend.” Phono.3b. In3bi“desire.”"
U24,𓍍,Drill for stone,"Ideo. inḥmt“craft, art.”"
U25,𓍎,Var. of U24,Use as U24.
U26,𓍏,Drill for beads,Ideo. inwb3“open.”
U27,𓍐,Var. of U26,Use as U26.
U28,𓍑,Fire drill,"Phono.ḏ3. Inʿnḫ.(w) (w)ḏ3 snb“may he live, be prosperous, be healthy.” (L.P.H.)"
U29,𓍒,Var. of U28,Use as U28.
U30,𓍔,Kiln,"Phono.t3. Inšt3“hot,”t3“mysterious."
U31,𓍕,Baker’s rake,"Det. or Ideo. inrtḥty“baker,”rtḥ“restrain.”"
U32,𓍖,Mortar and pestle,"Det. insmn“press down,”smn“establish.”"
U33,𓍘,Pestle,Phono.ti.
U34,𓍙,Spindle,Phono.ḫsf. Inḫsf“repel.”
U35,𓍚,Combination of U34 + I9,Phono.ḫsf.
U36,𓍛,Club used in washing,"Phono.ḥm. Inḥm“slave,”ḥm“Majesty.”"
U37,𓍜,Razor,Det. inẖʿq“shave.”
U38,𓍝,Scale,Det. or Ideo. inmḫ3t“scale.”
U39,𓍞,Scale post,"Det. inwsṯt“post,”wṯs,ṯsi“raise, lift.”"
U40,𓍟,Var. of U39,Use as U39
U41,𓍠,Plumb bob,Det. intḫ“plumb bob.”
V1,𓍢,Rope coil,"Phono.šn. Inšnt“dispute,”šni“litigate,”št“hundred.”"
V2,𓍬,Combination of V1 + O34,Det. inst3“drag.” Ideo. insṯ3t“aurora.”
V3,𓍮,"Same as V2, but with two additional coils",Ideo. inr-sṯ3w“necropolis.”
V4,𓍯,Lasso,Phono.w3. Inw3ḥ“endure.”
V5,𓍰,Looped rope,Det. or Ideo. insnṯ“plot.”
V6,𓍱,Cord with loop facing downwards,"Phono.šs,šsr."
V7,𓍲,Cord with loop facing upwards,Phono.šn.
V8,𓍴,Var. of V7,Use as V7
V9,𓍶,Round cartouche,Det. inšnw“cartouche.”
V10,𓍷,Oval cartouche,"Det. inšnw“cartouche,”rn“name."
V11,𓍸,End of cartouche,"Det. indni“restrain, dam,”pḫ3“split."
V12,𓍼,String,"Det. insšd“headband,”fḫ“loosen,”fḫnw“Phoenicians."
V13,𓍿,Tethering rope,Phono.ṯ.
V14,𓎀,Var. of V13,Use as last.
V15,𓎁,Combination of V13 and D54,Phono.iṯ. Iniṯi“seize.”
V16,𓎂,Hobble for cattle,Phono.s3. Ins3“protection.”
V17,𓎃,Herdsman’s shelter,Ideo. ins3“protection.”
V18,𓎄,Var. of V17,Use as V17
V19,𓎅,Hobble for cattle,"Det. inmḏt“stable,”k3r“shrine,”tm3“mat.”"
V20,𓎆,Hobble for cattle sans crossbar,"Phono.mḏ. Inmḏwt“stables,”mḏ“10.”"
V21,𓎓,Combination of V20 + I10,Phono.mḏ.
V22,𓎔,Whip,Phono.mḥ. Inmḥ“fill.”
V23,𓎕,Var. of V22,Use as V22.
V24,𓎗,Cord on Stick,"Phono.wḏ. Inwḏ“command, decree.”"
V25,𓎘,Var. of V24,Use as V24
V26,𓎙,Spool with thread,Phono.ʿd/ʿḏ. Inʿd“good condition.”
V27,𓎚,Var. of V26,Use as V26.
V28,𓎛,Wick,Phono.ḥ.
V29,𓎝,Swab,"Phono.w3ḥ,sk."
V30,𓎟,Basket,"Phono.nb. Innb“lord,”nb“every, all.”"
V31,𓎡,Basket with handle,Phonok.
V31a,𓎢,V31 reversed,Use as V31.
V32,𓎣,Wicker satchel,"Phono.msn. Inmsn“Mesen.” Det. ing3wt“bundles,”g3w“absence, lack.”"
V33,𓎤,Linen bag,Det. inšsr“linen.”
V34,𓎥,Var. of V33,Use as V33.
V35,𓎧,Var. of V33,Use as V33.
V36,𓎨,Receptacle,Phono.ḥn. Inḥnt“occupation.”
V37,𓎩,Bandage,"Det. or Ideo. inidr“bandage, bind,”idr“herd.”"
V38,𓎫,Bandage,Det. inwt“bandage.”
V39,𓎬,Tie,Ideo. intit“Isis knot.”
W1,𓎯,Oil jar,"Det. inmḏt“ointment,”mrḥt“oil.”"
W2,𓎰,Oil jar without ties,"Phono.b3s. Inb3stt“Bastet,”b3s“oil jar.”"
W3,𓎱,Alabaster basin,"Det. or Ideo. inḥb“feast,”ḥb“mourn.”"
W4,𓎳,Combination of W3 + O22,"Det. or Ideo. inḥb“feast,”tp-rnpt“feat of the first of the year.”"
W5,𓎴,Combination of W3 + T28,Ideo inẖry-ḥbt“lector priest.”
W6,𓎵,Vessel,Det. inwḥt“cauldron.”
W7,𓎶,Granite bowl,"Det. in3bt“family,”m3ṯ“proclaim.”"
W8,𓎷,Var. of W7,Use as W7.
W9,𓎸,Stone jug,Phono.ẖnm.
W10,𓎺,Cup,Phono.ḥnw. Inḥnwt“mistress.” Det. or Ideo. inwsḫ“wide.”
W10a,𓎻,Pot,Phono.b3.
W11,𓎼,Ring stand,Phono.g. Det. or Ideo. innst“throne.”
W12,𓎽,Ring stand,Use as W11.
W13,𓎾,Pot,Det. or Ideo. indšrt“red pot.”
W14,𓎿,Tall jar,Phono.ḥs. Inḥst“water jar.”
W15,𓏁,Tall jar with water,"Det. or Ideo. inqbb,qbḥ“cool, water.”"
W16,𓏂,Combination of W15 + W12,Use as W15.
W17,𓏃,Tall jars in rack.,Phono.ḫnt. Inḫntw“jar rack.”
W18,𓏅,Var. W17,Use as W17
W19,𓏇,Milk jug,Phono.mi. Inmi“likeness.”
W20,𓏈,Milk jug with leaf,Det. inirtt“milk.”
W21,𓏉,Wine jars,Det. inirp“wine.”
W22,𓏊,Beer jugs,Ideo. inḥnqt“beer.” Det. inqrḥt“vessel.”
W23,𓏋,Jug with handles,Use as W22.
W24,𓏌,Bowl,"Phono.nw,in,ink."
W25,𓏎,Combination of W24 + legs,"Phono.in. Inini“fetch, bring.”"
X1,𓏏,Small bread loaf,Phono.t. Ideo. int“bread.”
X2,𓏐,Tall bread loaf,Det. of bread. Int“bread.” Ideo. indḥwty“Thoth.”
X3,𓏑,Var. of X2,Use as X2
X4,𓏒,Bread roll,"Det. insni“pass by,”fq3“cake.”"
X5,𓏕,Var. of X4,Det. inʿqw“provisions.”
X6,𓏖,Round loaf with baker’s mark,Det. inp3t“loaf.”
X7,𓏘,Half loaf of bread,"Det. insnw“offerings.” When doubled,wnm“eat.”"
X8,𓏙,Conical Loaf,Phono.di. Inrdi“give.”
Y1,𓏛,Papyrus scroll,"Phono.mḏ3t. Ideo. inmḏ3t“paypyrus roll, book.” Det. inrḫ“know.”"
Y1v,𓏜,Papyrus scroll (vertical),Use as Y1
Y2,𓏝,Var. of Y1,Use as Y1
Y3,𓏞,Scribal kit,"Det. or Ideo. insš“write,”nʿʿ“smooth.”"
Y4,𓏟,Y4 reversed,Use as Y3
Y5,𓏠,Game board,Phono.mn. Inimn“Amun”mn“remain.”
Y6,𓏡,Game piece,"Det. or Ideo. inib3“game piece,” “dance.”"
Y7,𓏢,Harp,Det. in bnt “harp.”
Y8,𓏣,Sistrum,Det. insššt“sistrum.”
Z1,𓏤,Stroke,Follows Ideograms. Det.wʿ“one.” Ideo. numerals 1-9.
Z2,𓏥,Triple stroke,Det. of plurality.
Z3,𓏪,Three Z1 vertical strokes,Same asZ2.
Z3a,𓏫,Z2 vertical,Same asZ2.
Z4,𓏭,Two diagonal strokes,Det. Duality
Z4a,𓏮,Two vertical strokes,Det. Duality.
Z5,𓏯,Diagonal stroke in hieratic,"Replacement for complex or dangerous signs, human figures."
Z6,𓏱,Hieratic var. of A13 and A14,Det. inm(w)t“die”
Z7,𓏲,From hieratic var. of G43.,Phono.w.
Z8,𓏳,Oval,Det. of round.
Z9,𓏴,Crossed sticks,Phono.sw3. Insw3“pass.”
Z10,𓏵,Var. of Z9,Use as Z9.
Z11,𓏶,Crossed planks,Phono.im. Inimy“who is in.”
Aa1,𓐍,Placenta?,Phono.ḫ.
Aa2,𓐎,Pustule or gland?,Det. in bodily growths or conditions.
Aa3,𓐏,Aa2 with substance issuing,Use as Aa2.
Aa4,𓐐,Pot,Var. of W10a.
Aa5,𓐑,Part of ship?,Phono.ḥp.
Aa6,𓐒,Unknown,Det. intm3“mat.”
Aa7,𓐓,Unknown,Det. insqr“smite.”
Aa8,𓐖,Irrigation canal?,Phono.qn. Inqn“complete.”
Aa9,𓐗,Unknown,Det. inḫwd“rich.”
Aa10,𓐘,Unknown,Det. indrf“writing.”
Aa11,𓐙,Unknown,Phono.m3ʿ.
Aa12,𓐚,Unknown,Use as Aa11.
Aa13,𓐛,Unknown,"Phono.im,m."
Aa14,𓐜,Unknown,"Phono.im,m."
Aa15,𓐝,Var. Aa13,"Phono.im,m."
Aa16,𓐞,Short form Aa13,"Phono.gs. Ings“side, half.”"
Aa17,𓐟,Back of something?,Phono.s3. Ins3“back.”
Aa18,𓐠,Var. of Aa17,Use as Aa17
Aa19,𓐡,Unknown,"Det. inḥr“prepare,”ḥryt“dread.”"
Aa20,𓐢,Unknown,Phono.ʿpr. Inʿpr“equip.”
Aa21,𓐣,Unknown,Phono.wḏʿ. Inwḏʿ“judge.”
Aa22,𓐤,Combination of Aa21 + D36,Use as Aa21.
Aa23,𓐥,Warp between stakes?,"Det. inmḏd“puncture, press, adhere.”"
Aa24,𓐦,Var. Aa23,Use as Aa23.
Aa25,𓐧,Unknown,Ideo. insm3“stolist” (priestly title).
Aa26,𓐨,Unknown,Det. insbi“rebel.”
Aa27,𓐩,Unknown,"Phono.nḏ. Innḏ“ask, inquire.”"
Aa28,𓐪,Builder’s tool?,Phono.qd. Inqd“build.”
Aa29,𓐫,Var. of Aa28,Use as Aa28.
Aa30,𓐬,Frieze element?,Det. inẖqr“adorn.”
Aa31,𓐭,Var. of Aa30,Use as Aa30.
